Major_code,Major,Major_category,Total_ws,Employed,Employed_full_time_year_round,Unemployed,Unemployment_rate,Median,P25th,P75th,employment_rate,full_time_share,salary_spread,ShareWomen,College_jobs,Non_college_jobs,Low_wage_jobs,Grad_median,Nongrad_median,salary_premium,Total_ws_men,Men,Women,Major_Category
1100,GENERAL AGRICULTURE,Agriculture & Natural Resources,128148,90245,74078,2423,0.026147106,50000,34000,80000,0.7042248025720261,0.8208543409607181,46000,0.515543329,2418,4717,839,68000,50000,18000,,,,Agriculture & Natural Resources
1101,AGRICULTURE PRODUCTION AND MANAGEMENT,Agriculture & Natural Resources,95326,76865,64240,2266,0.028636059,54000,36000,80000,0.8063382497954388,0.8357509919989592,44000,0.59420765,1925,6221,1362,67000,55000,12000,,,,Agriculture & Natural Resources
1102,AGRICULTURAL ECONOMICS,Agriculture & Natural Resources,33955,26321,22810,821,0.030248324,63000,40000,98000,0.7751730231188337,0.8666084115345162,58000,0.589711902,535,893,94,80000,63000,17000,,,,Agriculture & Natural Resources
1103,ANIMAL SCIENCES,Agriculture & Natural Resources,103549,81177,64937,3619,0.0426789,46000,30000,72000,0.7839476962597418,0.7999433337028962,42000,0.91093257,5443,9571,2125,70300,48000,22300,,,,Agriculture & Natural Resources
1104,FOOD SCIENCE,Agriculture & Natural Resources,24280,17281,12722,894,0.049188446,62000,38500,90000,0.7117380560131795,0.7361842485967247,51500,0.222695002,1183,1274,485,72000,63000,9000,,,,Agriculture & Natural Resources
1105,PLANT SCIENCE AND AGRONOMY,Agriculture & Natural Resources,79409,63043,51077,2070,0.031790887,50000,35000,75000,0.7939024543817451,0.8101930428437732,40000,0.606888545,2089,3545,1231,67000,50000,17000,,,,Agriculture & Natural Resources
1106,SOIL SCIENCE,Agriculture & Natural Resources,6586,4926,4042,264,0.050867052,63000,39400,88000,0.7479501973883996,0.8205440519691434,48600,0.764426528,355,144,0,65000,65000,0,,,,Agriculture & Natural Resources
1199,MISCELLANEOUS AGRICULTURE,Agriculture & Natural Resources,8549,6392,5074,261,0.039230422,52000,35000,75000,0.747689788279331,0.7938047559449312,40000,0.719974083,483,626,31,54000,55000,-1000,,,,Agriculture & Natural Resources
1301,ENVIRONMENTAL SCIENCE,Biology & Life Science,106106,87602,65238,4736,0.051289827,52000,38000,75000,0.8256083539102407,0.7447090249081071,37000,0.584556133,8149,10076,3175,68000,55000,13000,25965.0,10787.0,15178.0,Biology & Life Science
1302,FORESTRY,Agriculture & Natural Resources,69447,48228,39613,2144,0.042563329,58000,40500,80000,0.6944576439587024,0.821369329020486,39500,0.690365288,1096,1692,327,78000,59000,19000,,,,Agriculture & Natural Resources
1303,NATURAL RESOURCES MANAGEMENT,Agriculture & Natural Resources,83188,65937,50595,3789,0.054341279,52000,37100,75000,0.7926263403375486,0.767323354110742,37900,0.564639335,4333,5808,1405,70000,53000,17000,,,,Agriculture & Natural Resources
1401,ARCHITECTURE,Engineering,294692,216770,163020,20394,0.085991129,63000,40400,93500,0.7355815563367856,0.7520413341329519,53100,0.321769663,16178,13724,4221,72000,64000,8000,46420.0,25463.0,20957.0,Engineering
1501,AREA ETHNIC AND CIVILIZATION STUDIES,Humanities & Liberal Arts,103740,75798,50530,5525,0.067938959,46000,32000,71000,0.7306535569693464,0.6666402807461939,39000,0.758060269,8465,11818,3677,75000,50000,25000,,,,Humanities & Liberal Arts
1901,COMMUNICATIONS,Communications & Journalism,987676,790696,595739,54390,0.064360314,50000,35000,80000,0.8005621276612979,0.7534362131590396,45000,0.305109489,40763,97964,27440,65000,52000,13000,,,,Communications & Journalism
1902,JOURNALISM,Communications & Journalism,418104,314438,235407,20754,0.061916752,50000,35000,80000,0.7520569045022291,0.7486595131631673,45000,0.719858952,23279,26672,8512,70000,53000,17000,,,,Communications & Journalism
1903,MASS MEDIA,Communications & Journalism,211213,170474,125489,15431,0.08300476,48000,32000,70000,0.8071188799931822,0.7361181177188311,38000,0.877227528,12855,25297,6429,57000,50000,7000,,,,Communications & Journalism
1904,ADVERTISING AND PUBLIC RELATIONS,Communications & Journalism,186829,147433,111552,10624,0.067216257,50000,34000,75000,0.7891333786510659,0.7566284346109758,41000,0.673143392,9659,23059,7214,60000,51000,9000,,,,Communications & Journalism
2001,COMMUNICATION TECHNOLOGIES,Computers & Mathematics,62141,49609,37261,4609,0.085008669,50000,34500,75000,0.7983296052525708,0.7510935515733033,40500,0.864456079,4545,8794,2495,57000,52000,5000,18035.0,11431.0,6604.0,Computers & Mathematics
2100,COMPUTER AND INFORMATION SYSTEMS,Computers & Mathematics,253782,218248,189950,11945,0.051891239,65000,45000,90000,0.8599821894381793,0.8703401634837432,45000,0.707718502,13344,11783,1672,80000,65000,15000,36698.0,27392.0,9306.0,Computers & Mathematics
2101,COMPUTER PROGRAMMING AND DATA PROCESSING,Computers & Mathematics,29317,22828,18747,2265,0.090264217,60000,40000,85000,0.7786608452433742,0.8212283161030314,45000,0.269193858,2024,1033,263,85000,60000,25000,4168.0,3046.0,1122.0,Computers & Mathematics
2102,COMPUTER SCIENCE,Computers & Mathematics,783292,656372,561052,34196,0.049518657,78000,51000,105000,0.8379659182016412,0.854777473749642,54000,0.578766338,68622,25667,5144,95000,80000,15000,128319.0,99743.0,28576.0,Computers & Mathematics
2105,INFORMATION SCIENCES,Computers & Mathematics,77805,66393,57604,3704,0.052841063,68000,46200,95000,0.8533256217466744,0.8676215866130466,48800,0.526475764,4390,4102,608,84000,70000,14000,11913.0,9005.0,2908.0,Computers & Mathematics
2106,COMPUTER ADMINISTRATION MANAGEMENT AND SECURITY,Computers & Mathematics,39362,32366,28156,2626,0.075045725,55000,40000,80000,0.8222651288044307,0.8699252301798184,40000,0.180882718,2354,3244,308,81000,60000,21000,8066.0,6607.0,1459.0,Computers & Mathematics
2107,COMPUTER NETWORKING AND TELECOMMUNICATIONS,Computers & Mathematics,51771,44071,35954,2748,0.05869412,55000,36000,80000,0.8512680844488227,0.8158199269360804,44000,0.305004597,2593,2941,352,80000,58000,22000,7613.0,5291.0,2322.0,Computers & Mathematics
2201,COSMETOLOGY SERVICES AND CULINARY ARTS,Industrial Arts & Consumer Services,42325,33388,25780,1941,0.0549407,40000,26200,60000,0.7888481984642646,0.7721337007308015,33800,0.383719006,563,7384,3163,47000,41600,5400,,,,Industrial Arts & Consumer Services
2300,GENERAL EDUCATION,Education,1438867,843693,591863,38742,0.043903517,43000,32000,59000,0.5863592673958051,0.7015146504712022,27000,0.812876606,82007,31112,11443,58000,44000,14000,,,,Education
2301,EDUCATIONAL ADMINISTRATION AND SUPERVISION,Education,4037,3113,2468,0,0.0,58000,44750,79000,0.771117166212534,0.7928043687761003,34250,0.448732309,346,206,111,65000,58000,7000,,,,Education
2303,SCHOOL STUDENT COUNSELING,Education,2396,1492,1093,169,0.101745936,41000,33200,50000,0.6227045075125208,0.732573726541555,16800,0.56486557,509,221,0,56000,42000,14000,,,,Education
2304,ELEMENTARY EDUCATION,Education,1446701,819393,501786,32685,0.038359164,40000,31000,50000,0.5663872493348661,0.6123874624264547,19000,0.923745479,108085,36972,11502,55000,40000,15000,,,,Education
2305,MATHEMATICS TEACHER EDUCATION,Education,68808,47203,29494,1610,0.032983017,43000,34000,60000,0.686010347633996,0.624833167383429,26000,0.792095262,10699,1977,786,60000,45000,15000,,,,Education
2306,PHYSICAL AND HEALTH EDUCATION TEACHING,Education,281661,193542,136343,9389,0.046266958,48400,34000,66500,0.6871451851694058,0.7044620805819926,32500,0.506720763,12777,9328,2042,65000,50000,15000,,,,Education
2307,EARLY CHILDHOOD EDUCATION,Education,157079,113460,71133,5890,0.049350649,35300,27000,45800,0.7223117030284124,0.6269434161819143,18800,0.967998119,23515,7705,2868,50000,37000,13000,,,,Education
2308,SCIENCE AND COMPUTER TEACHER EDUCATION,Education,56477,36224,24817,1596,0.042199894,46000,35000,61000,0.6413938417408857,0.685098277385159,26000,0.423208896,4214,1106,591,62000,48000,14000,,,,Education
2309,SECONDARY TEACHER EDUCATION,Education,224262,129486,88917,5925,0.043755677,45000,34000,60000,0.5773871632287235,0.6866919975904731,26000,0.601751825,10304,3967,1385,61000,45000,16000,,,,Education
2310,SPECIAL NEEDS EDUCATION,Education,149689,108272,71615,5357,0.047144655,42000,34000,53000,0.7233130022914175,0.6614360130042855,19000,0.366176878,20185,3797,1179,58000,43000,15000,,,,Education
2311,SOCIAL SCIENCE OR HISTORY TEACHER EDUCATION,Education,127022,78785,51632,3800,0.046013199,45000,33000,64000,0.6202468863661413,0.6553531763660595,31000,0.733967583,10928,5561,1806,60000,47000,13000,,,,Education
2312,TEACHER EDUCATION: MULTIPLE LEVELS,Education,88067,58885,37892,2032,0.033356863,40000,30000,51000,0.6686386501186596,0.6434915513288614,21000,0.798919817,10766,1949,722,55000,40000,15000,,,,Education
2313,LANGUAGE AND DRAMA EDUCATION,Education,181445,111347,67651,5624,0.048080293,42000,32000,54000,0.6136680536801785,0.6075691307354486,22000,0.576360061,17985,6824,2819,58000,43200,14800,,,,Education
2314,ART AND MUSIC EDUCATION,Education,231861,155159,94756,6629,0.040973373,42600,32000,56000,0.6691897300537822,0.6107025696221295,24000,0.6860244,20821,8260,2767,59000,44000,15000,,,,Education
2399,MISCELLANEOUS EDUCATION,Education,225553,126054,91322,5145,0.039215238,50000,35600,71000,0.5588664305063555,0.7244672917955797,35400,0.718364766,5284,2438,657,61000,50000,11000,,,,Education
2400,GENERAL ENGINEERING,Engineering,503080,359172,312023,17986,0.047688237,75000,50000,100000,0.7139460920728313,0.8687286314077934,50000,0.252959838,26898,11734,3192,100000,75000,25000,61152.0,45683.0,15469.0,Engineering
2401,AEROSPACE ENGINEERING,Engineering,65734,44944,38491,1969,0.041971309,80000,58000,110000,0.6837253171874524,0.8564213243147027,52000,0.196450256,8184,2425,372,107000,85000,22000,15058.0,12953.0,2105.0,Engineering
2402,BIOLOGICAL ENGINEERING,Engineering,32748,24270,18621,1521,0.058974061,62000,40000,91000,0.7411139611579333,0.7672435105067985,51000,0.320784314,3603,1595,524,80000,65000,15000,8925.0,6062.0,2863.0,Engineering
2403,ARCHITECTURAL ENGINEERING,Engineering,19587,13713,11180,1017,0.06904277,78000,50000,102000,0.7001072139684484,0.8152847662801721,52000,0.350442478,1665,649,137,78000,80000,-2000,2825.0,1835.0,990.0,Engineering
2404,BIOMEDICAL ENGINEERING,Engineering,18347,12876,9202,1105,0.079035834,65000,40000,96000,0.7018041096637052,0.7146629388008698,56000,0.119558903,6439,2471,789,90000,70000,20000,14955.0,8407.0,6548.0,Engineering
2405,CHEMICAL ENGINEERING,Engineering,188046,131697,109406,6388,0.046261361,86000,60000,120000,0.7003445965348905,0.8307402598388726,60000,0.341630502,18314,4440,972,102000,90000,12000,32260.0,21239.0,11021.0,Engineering
2406,CIVIL ENGINEERING,Engineering,358593,262831,220528,14823,0.053386589,78000,55000,105000,0.7329507268686226,0.8390486662532197,50000,0.227117943,28526,9356,2899,98000,80000,18000,53153.0,41081.0,12072.0,Engineering
2407,COMPUTER ENGINEERING,Engineering,154160,128742,111025,7456,0.054743829,80000,60000,107000,0.8351193565127141,0.8623836820928679,47000,0.199412643,23694,5721,980,97000,81000,16000,41542.0,33258.0,8284.0,Engineering
2408,ELECTRICAL ENGINEERING,Engineering,671647,489965,422317,26064,0.050508789,88000,60000,116000,0.7294977867838314,0.8619329952139438,56000,0.437846874,45829,10874,3170,106000,90000,16000,81527.0,65511.0,16016.0,Engineering
2409,ENGINEERING MECHANICS PHYSICS AND SCIENCE,Engineering,20582,14909,12257,683,0.043804515,65000,45000,100000,0.7243708094451462,0.82212086659065,55000,0.183985189,2439,947,263,100000,70000,30000,4321.0,3526.0,795.0,Engineering
2410,ENVIRONMENTAL ENGINEERING,Engineering,13016,9849,8104,472,0.045732003,70000,50000,95000,0.7566840811309158,0.8228246522489593,45000,0.558548009,2028,830,260,81000,71900,9100,4047.0,2662.0,1385.0,Engineering
2411,GEOLOGICAL AND GEOPHYSICAL ENGINEERING,Engineering,6264,4120,3350,0,0.0,85000,55000,125000,0.6577266922094508,0.8131067961165048,70000,0.32483805,501,50,49,105000,87000,18000,720.0,488.0,232.0,Engineering
2412,INDUSTRIAL AND MANUFACTURING ENGINEERING,Engineering,138366,101273,85014,5498,0.051493383,75000,50000,101000,0.7319211366954309,0.8394537537152055,51000,0.343473218,8306,3235,640,98000,76000,22000,18968.0,12453.0,6515.0,Engineering
2413,MATERIALS ENGINEERING AND MATERIALS SCIENCE,Engineering,21430,14687,11871,933,0.059731114,78000,55000,105000,0.685347643490434,0.8082658133042827,50000,0.292607004,1911,305,70,92000,78000,14000,2993.0,2020.0,973.0,Engineering
2414,MECHANICAL ENGINEERING,Engineering,581529,422207,362053,19360,0.043843856,80000,59000,110000,0.7260291404211999,0.8575248633963909,51000,0.139792801,52844,16384,3253,100000,82000,18000,91227.0,80320.0,10907.0,Engineering
2415,METALLURGICAL ENGINEERING,Engineering,12818,6939,5462,326,0.044872677,96000,65000,123000,0.5413481042284287,0.787145121775472,58000,0.153037383,456,176,0,100000,98000,2000,856.0,725.0,131.0,Engineering
2416,MINING AND MINERAL ENGINEERING,Engineering,10746,7416,6419,366,0.047031611,92000,52000,124000,0.6901172529313233,0.8655609492988133,72000,0.101851852,350,257,50,100000,95000,5000,756.0,679.0,77.0,Engineering
2417,NAVAL ARCHITECTURE AND MARINE ENGINEERING,Engineering,16094,10690,9226,449,0.040308825,97000,60000,125000,0.6642226916863427,0.8630495790458372,65000,0.107313196,529,102,0,102000,100000,2000,1258.0,1123.0,135.0,Engineering
2418,NUCLEAR ENGINEERING,Engineering,9826,7320,6474,527,0.067159424,95000,65000,128000,0.7449623447995115,0.8844262295081967,63000,0.144966965,1142,657,244,110000,100000,10000,2573.0,2200.0,373.0,Engineering
2419,PETROLEUM ENGINEERING,Engineering,19631,14002,11636,617,0.042205349,125000,75000,210000,0.7132596403647292,0.8310241394086559,135000,0.120564344,1534,364,193,124000,126000,-2000,2339.0,2057.0,282.0,Engineering
2499,MISCELLANEOUS ENGINEERING,Engineering,57006,43906,37194,2744,0.058821008,70000,50000,100000,0.7701996281093219,0.8471279551769689,50000,0.189970437,3445,2426,365,90000,70000,20000,9133.0,7398.0,1735.0,Engineering
2500,ENGINEERING TECHNOLOGIES,Engineering,37382,30102,25651,1475,0.046711214,63000,40000,93000,0.8052538654967631,0.8521360706929773,53000,0.090712509,1017,1269,142,74000,65000,9000,3600.0,2695.0,905.0,Engineering
2501,ENGINEERING AND INDUSTRIAL MANAGEMENT,Engineering,47098,27275,22104,1577,0.054658256,74000,50000,107000,0.5791116395600663,0.8104124656278644,57000,0.174122505,482,844,245,107000,75000,32000,2906.0,2400.0,506.0,Engineering
2502,ELECTRICAL ENGINEERING TECHNOLOGY,Engineering,94697,73737,64157,4572,0.058384094,67000,46900,91000,0.7786624708280093,0.8700787935500495,44100,0.325091881,5126,2686,696,85000,68000,17000,11565.0,8181.0,3384.0,Engineering
2503,INDUSTRIAL PRODUCTION TECHNOLOGIES,Engineering,82142,65401,57266,3431,0.049846002,70000,48000,98000,0.7961943950719486,0.8756135227290103,50000,0.75047259,1394,2454,480,84500,70000,14500,4631.0,3477.0,1154.0,Engineering
2504,MECHANICAL ENGINEERING RELATED TECHNOLOGIES,Engineering,29348,24190,21273,1101,0.043533273,60000,40000,82000,0.8242469674253782,0.8794129805704837,42000,0.377437326,1861,2121,406,78000,61000,17000,4790.0,4419.0,371.0,Engineering
2599,MISCELLANEOUS ENGINEERING TECHNOLOGIES,Engineering,64196,53097,46183,3401,0.060196821,63000,42000,90000,0.8271076079506511,0.8697854869389985,48000,0.0,2446,3896,386,80000,65000,15000,8804.0,7043.0,1761.0,Engineering
2601,LINGUISTICS AND COMPARATIVE LANGUAGE AND LITERATURE,Humanities & Liberal Arts,75791,45657,30428,4043,0.081348089,48000,30000,70000,0.6024066182000501,0.6664476422016339,40000,0.76432029,4122,5695,2085,65000,49000,16000,,,,Humanities & Liberal Arts
2602,FRENCH GERMAN LATIN AND OTHER COMMON FOREIGN LANGUAGE STUDIES,Humanities & Liberal Arts,236342,153654,99459,9598,0.058792542,48000,33500,69000,0.6501341276624553,0.6472919676676169,35500,0.728032591,15051,18193,5267,67000,50000,17000,,,,Humanities & Liberal Arts
2603,OTHER FOREIGN LANGUAGES,Humanities & Liberal Arts,57793,34696,23046,2707,0.072373874,45000,30000,75000,0.6003495232986694,0.6642264237952502,45000,0.690110675,2326,3703,1115,68000,47000,21000,,,,Humanities & Liberal Arts
2901,FAMILY AND CONSUMER SCIENCES,Industrial Arts & Consumer Services,402038,241585,154167,14273,0.055784849,40500,30000,60000,0.6009009098642417,0.6381480638284661,30000,0.752143884,20985,20133,5248,58000,42000,16000,,,,Industrial Arts & Consumer Services
3201,COURT REPORTING,Law & Public Policy,9330,7270,6143,518,0.066512583,50000,34000,75000,0.7792068595927116,0.8449793672627235,41000,0.236062718,402,528,144,75000,50000,25000,,,,Law & Public Policy
3202,PRE-LAW AND LEGAL STUDIES,Law & Public Policy,67037,49259,37254,3699,0.069847804,48000,34000,70000,0.7348031683995405,0.756288190990479,36000,0.591001011,2002,6454,1336,76000,50000,26000,,,,Law & Public Policy
3301,ENGLISH LANGUAGE AND LITERATURE,Humanities & Liberal Arts,1098647,708882,482229,52248,0.068645304,50000,32900,75000,0.645231816953034,0.6802669555722956,42100,0.339670982,57690,71827,26503,67000,50000,17000,,,,Humanities & Liberal Arts
3302,COMPOSITION AND RHETORIC,Humanities & Liberal Arts,59211,44913,29628,3569,0.07361495,40000,28800,65000,0.7585245984698789,0.6596753723866141,36200,0.666119448,4855,8100,3466,58000,42000,16000,,,,Humanities & Liberal Arts
3401,LIBERAL ARTS,Humanities & Liberal Arts,601221,404932,296792,29348,0.067578521,50000,33000,75000,0.6735160614815517,0.7329428150899411,42000,0.70089843,18565,28558,9030,70000,50000,20000,,,,Humanities & Liberal Arts
3402,HUMANITIES,Humanities & Liberal Arts,46188,29971,19460,2530,0.077843759,46700,30000,70000,0.6488914869663116,0.6492943178405792,40000,0.745661538,1168,3354,1141,65000,47000,18000,,,,Humanities & Liberal Arts
3501,LIBRARY SCIENCE,Education,16193,7091,4330,743,0.094842992,40000,30000,55000,0.437905267708269,0.6106331970102947,25000,0.877959927,288,338,192,52000,40000,12000,,,,Education
3600,BIOLOGY,Biology & Life Science,839454,583079,422788,36757,0.05930117,51000,35000,80000,0.6945931522156068,0.7250955702400532,45000,0.601858152,88232,81109,28339,95000,54000,41000,280709.0,111762.0,168947.0,Biology & Life Science
3601,BIOCHEMICAL SCIENCES,Biology & Life Science,75322,52594,37103,4056,0.071597529,53000,33000,82000,0.6982554897639468,0.7054606989390425,49000,0.515406449,15654,8394,3012,96000,55000,41000,39107.0,18951.0,20156.0,Biology & Life Science
3602,BOTANY,Biology & Life Science,14135,9284,6333,327,0.034023515,50000,32000,75000,0.6568093385214008,0.6821413183972426,43000,0.52896915,677,184,56,70000,50000,20000,1329.0,626.0,703.0,Biology & Life Science
3603,MOLECULAR BIOLOGY,Biology & Life Science,28197,20221,13366,1303,0.060537075,45000,30000,70000,0.7171330283363478,0.6609959942633895,40000,0.077453027,7225,3145,1168,85000,50000,35000,18300.0,7426.0,10874.0,Biology & Life Science
3604,ECOLOGY,Biology & Life Science,45368,36708,25677,1888,0.048916986,47500,32000,73000,0.8091165579262917,0.6994932984635501,41000,0.651659908,2856,4159,976,62000,48700,13300,9154.0,3878.0,5276.0,Biology & Life Science
3605,GENETICS,Biology & Life Science,6362,4747,3498,206,0.041590955,48000,33000,80000,0.7461490097453631,0.7368864546029071,47000,0.643331121,1675,678,201,78000,56000,22000,3635.0,1761.0,1874.0,Biology & Life Science
3606,MICROBIOLOGY,Biology & Life Science,68885,45422,33990,2435,0.050880749,60000,40000,85000,0.6593888364665748,0.7483157941085817,45000,0.615727227,5577,3174,1246,85000,60000,25000,15232.0,6383.0,8849.0,Biology & Life Science
3607,PHARMACOLOGY,Biology & Life Science,5015,3481,2579,57,0.016110797,60000,35000,105000,0.6941176470588235,0.7408790577420281,70000,0.524152583,603,478,93,105000,66000,39000,1762.0,515.0,1247.0,Biology & Life Science
3608,PHYSIOLOGY,Biology & Life Science,43984,31394,20207,1692,0.051139455,50000,30000,75000,0.7137595489268825,0.6436580238262088,45000,0.906677337,6587,6894,2237,90000,50000,40000,22060.0,8422.0,13638.0,Biology & Life Science
3609,ZOOLOGY,Biology & Life Science,55395,35714,26152,1815,0.0483626,55000,34000,85000,0.6447152270060474,0.7322618580948648,51000,0.637293376,2771,2947,743,110000,55000,55000,8409.0,3050.0,5359.0,Biology & Life Science
3611,NEUROSCIENCE,Biology & Life Science,13676,8987,5446,665,0.068897638,35000,28000,52000,0.6571365896460953,0.6059864248358741,24000,0.47501047,5605,2301,902,58000,40000,18000,13663.0,4944.0,8719.0,Biology & Life Science
3699,MISCELLANEOUS BIOLOGY,Biology & Life Science,29389,22298,16508,1114,0.047582436,52000,33500,72800,0.7587192486984926,0.7403354560947171,39300,0.566640502,4253,2722,459,65000,55000,10000,10706.0,4747.0,5959.0,Biology & Life Science
3700,MATHEMATICS,Computers & Mathematics,432806,280902,209838,15701,0.05293608,66000,42000,100000,0.6490251983567695,0.7470149731934981,58000,0.244103081,34800,14829,4569,89000,68000,21000,72397.0,39956.0,32441.0,Computers & Mathematics
3701,APPLIED MATHEMATICS,Computers & Mathematics,19112,15136,12109,892,0.055652608,70000,47000,106000,0.7919631645039765,0.8000132135306554,59000,0.75392736,2437,803,357,100000,76000,24000,4939.0,2794.0,2145.0,Computers & Mathematics
3702,STATISTICS AND DECISION SCIENCE,Computers & Mathematics,24806,18808,14468,1138,0.057054046,70000,43000,102000,0.7582036604047407,0.7692471288813271,59000,0.281936407,2298,1200,343,92000,75000,17000,6251.0,2960.0,3291.0,Computers & Mathematics
3801,MILITARY TECHNOLOGIES,Industrial Arts & Consumer Services,4315,1650,1708,187,0.101796407,64000,39750,90000,0.3823870220162225,1.0351515151515152,50250,0.429684963,0,0,0,74000,64000,10000,,,,Industrial Arts & Consumer Services
4000,MULTI/INTERDISCIPLINARY STUDIES,Interdisciplinary,45199,35706,26038,2990,0.077268968,43000,32000,55000,0.7899732294962278,0.7292331820982468,23000,0.495397153,5176,3903,1061,55000,44000,11000,,,,Interdisciplinary
4001,INTERCULTURAL AND INTERNATIONAL STUDIES,Humanities & Liberal Arts,56580,43114,27499,3462,0.074330127,45000,30000,69000,0.7620007069635913,0.6378206615020643,39000,0.507376968,4956,10343,3168,70000,50000,20000,,,,Humanities & Liberal Arts
4002,NUTRITION SCIENCES,Health,64534,43878,28112,2961,0.06321655,49500,34000,69000,0.6799206619766325,0.6406855371712475,35000,0.63814682,6535,5473,2449,65000,50000,15000,18909.0,2563.0,16346.0,Health
4005,MATHEMATICS AND COMPUTER SCIENCE,Computers & Mathematics,7184,5874,5039,150,0.024900398,92000,53000,136000,0.8176503340757239,0.8578481443649983,83000,0.927807246,452,67,25,98000,92000,6000,609.0,500.0,109.0,Computers & Mathematics
4006,COGNITIVE SCIENCE AND BIOPSYCHOLOGY,Biology & Life Science,6898,5527,3639,284,0.048872827,53000,31500,93000,0.8012467381849812,0.6584041975755383,61500,0.854523227,1369,921,135,95000,55000,40000,3831.0,1667.0,2164.0,Biology & Life Science
4007,INTERDISCIPLINARY SOCIAL SCIENCES,Social Science,61871,43312,31078,3030,0.065383453,45000,33000,67000,0.7000371741203472,0.7175378647949759,34000,0.721865913,2630,3906,1470,66000,46000,20000,,,,Social Science
4101,PHYSICAL FITNESS PARKS RECREATION AND LEISURE,Industrial Arts & Consumer Services,350409,286683,204242,14108,0.046902999,44000,30000,60000,0.8181382327508712,0.7124315009958735,30000,0.683942619,27581,63946,16838,60000,45000,15000,,,,Industrial Arts & Consumer Services
4801,PHILOSOPHY AND RELIGIOUS STUDIES,Humanities & Liberal Arts,205763,138734,95429,11252,0.075020335,45000,30000,70000,0.674241724702692,0.6878558968962186,40000,0.416809574,14444,20313,8051,65000,46000,19000,,,,Humanities & Liberal Arts
4901,THEOLOGY AND RELIGIOUS VOCATIONS,Humanities & Liberal Arts,232865,164827,121606,7317,0.042505112,40000,27000,56000,0.7078221287011788,0.7377796113500822,29000,0.728494624,9927,12037,3304,48000,40000,8000,,,,Humanities & Liberal Arts
5000,PHYSICAL SCIENCES,Physical Sciences,8856,5872,4961,238,0.038952537,60000,38000,89000,0.6630532971996387,0.8448569482288828,51000,0.42692372,530,465,269,80000,60000,20000,1436.0,894.0,542.0,Physical Sciences
5001,ASTRONOMY AND ASTROPHYSICS,Physical Sciences,4700,3400,2447,320,0.086021505,80000,40000,106000,0.723404255319149,0.7197058823529412,66000,0.441355573,972,500,220,96000,85000,11000,1792.0,832.0,960.0,Physical Sciences
5002,ATMOSPHERIC SCIENCES AND METEOROLOGY,Physical Sciences,14051,11252,9098,429,0.036726308,60000,39000,90000,0.8007970962920788,0.8085673658016352,51000,0.124950495,1808,1317,237,82000,60000,22000,4043.0,2744.0,1299.0,Physical Sciences
5003,CHEMISTRY,Physical Sciences,308062,198075,153308,11468,0.054728624,59000,38700,90000,0.642971220079075,0.7739896503849552,51300,0.505140538,30382,14718,4288,100000,60000,40000,66530.0,32923.0,33607.0,Physical Sciences
5004,GEOLOGY AND EARTH SCIENCE,Physical Sciences,107902,75698,59262,5272,0.065110535,65000,42000,100000,0.7015439936238439,0.7828740521546144,58000,0.470196865,4858,2792,959,84000,66000,18000,10972.0,5813.0,5159.0,Physical Sciences
5005,GEOSCIENCES,Physical Sciences,8267,6129,5020,274,0.042792441,57000,36000,80000,0.7413813959114551,0.8190569424049601,44000,0.881293889,784,591,221,90000,58000,32000,1978.0,809.0,1169.0,Physical Sciences
5006,OCEANOGRAPHY,Physical Sciences,10741,7882,6508,449,0.053895091,55000,40000,90000,0.7338236663252956,0.8256787617356001,50000,0.688999173,459,996,186,90000,60000,30000,2418.0,752.0,1666.0,Physical Sciences
5007,PHYSICS,Physical Sciences,122620,80797,60812,4440,0.052090055,70000,40000,110000,0.6589218724514762,0.7526517073653725,70000,0.448098678,18674,4576,1823,100000,74000,26000,32142.0,23080.0,9062.0,Physical Sciences
5008,MATERIALS SCIENCE,Engineering,7208,5866,4505,134,0.022333333,75000,60000,100000,0.8138179800221975,0.7679849982952608,40000,0.310820285,2626,391,81,95000,80000,15000,4279.0,2949.0,1330.0,Engineering
5098,MULTI-DISCIPLINARY OR GENERAL SCIENCE,Physical Sciences,427953,308461,238933,14613,0.045231124,56000,38000,85000,0.7207824223688115,0.7745971127630398,47000,0.669998505,17923,22039,5751,86000,59000,27000,62052.0,27015.0,35037.0,Physical Sciences
5102,"NUCLEAR, INDUSTRIAL RADIOLOGY, AND BIOLOGICAL TECHNOLOGIES",Physical Sciences,12166,9560,7238,718,0.069857949,62000,45000,80000,0.7857964819990136,0.757112970711297,35000,0.430536761,162,1475,124,80000,64000,16000,2116.0,528.0,1588.0,Physical Sciences
5200,PSYCHOLOGY,Psychology & Social Work,1484075,1055854,736817,79066,0.069666584,45000,31000,68000,0.7114559574145511,0.6978398528584444,37000,0.779933204,125148,141860,48207,64000,46000,18000,,,,Psychology & Social Work
5201,EDUCATIONAL PSYCHOLOGY,Psychology & Social Work,14041,8751,5763,716,0.07563114,40000,33000,70000,0.6232462075350759,0.6585533081933493,37000,0.817098809,1488,615,82,61000,40000,21000,,,,Psychology & Social Work
5202,CLINICAL PSYCHOLOGY,Psychology & Social Work,7638,5128,3297,587,0.102712161,45000,26100,62000,0.6713799423932967,0.6429407176287052,35900,0.799859056,986,870,622,70000,46000,24000,,,,Psychology & Social Work
5203,COUNSELING PSYCHOLOGY,Psychology & Social Work,17633,13071,8888,954,0.06802139,39000,25000,50000,0.7412805535076278,0.6799785785326294,25000,0.798746217,2403,1245,308,50000,40000,10000,,,,Psychology & Social Work
5205,INDUSTRIAL AND ORGANIZATIONAL PSYCHOLOGY,Psychology & Social Work,17969,11878,8631,1084,0.08362907,62000,40000,84000,0.6610273248372197,0.7266374810574171,44000,0.436301633,559,1224,272,75000,63000,12000,,,,Psychology & Social Work
5206,SOCIAL PSYCHOLOGY,Psychology & Social Work,10871,6897,5226,660,0.087336245,47000,35000,70000,0.634440253886487,0.7577207481513701,35000,0.747560926,434,593,37,71000,49000,22000,,,,Psychology & Social Work
5299,MISCELLANEOUS PSYCHOLOGY,Psychology & Social Work,34102,23921,15688,2137,0.082009364,45000,30000,70000,0.7014544601489648,0.6558254253584717,40000,0.90558993,2960,3948,1650,68000,47000,21000,,,,Psychology & Social Work
5301,CRIMINAL JUSTICE AND FIRE PROTECTION,Law & Public Policy,757141,613369,517599,35037,0.054035589,50000,35000,74000,0.810111987067138,0.8438623406138882,39000,0.125034655,24348,88858,18404,68000,52000,16000,,,,Law & Public Policy
5401,PUBLIC ADMINISTRATION,Law & Public Policy,54636,37879,31262,2836,0.069654918,56000,40000,85000,0.6932974595504795,0.8253121782518018,45000,0.476461183,919,2313,496,75000,58000,17000,,,,Law & Public Policy
5402,PUBLIC POLICY,Law & Public Policy,14782,11147,8196,959,0.079216917,60000,38000,90000,0.7540928155865242,0.7352650937471965,52000,0.251388889,1550,1871,340,89000,63000,26000,,,,Law & Public Policy
5403,HUMAN SERVICES AND COMMUNITY ORGANIZATION,Psychology & Social Work,81786,61402,44959,4794,0.072421294,38000,29000,52000,0.7507641894700805,0.7322074199537474,23000,0.904074544,2878,4595,724,50100,38700,11400,,,,Psychology & Social Work
5404,SOCIAL WORK,Psychology & Social Work,319163,225081,164020,14208,0.059375901,40000,30000,53000,0.7052227231853316,0.7287154402192988,23000,0.810704147,27449,14416,4344,53000,40000,13000,,,,Psychology & Social Work
5500,GENERAL SOCIAL SCIENCES,Social Science,127363,80165,57036,6132,0.071056931,50000,35000,75000,0.6294214175231425,0.7114825672051394,40000,0.502846315,3602,4778,1634,69000,50000,19000,,,,Social Science
5501,ECONOMICS,Social Science,757616,535446,430580,34974,0.061312717,69000,42000,110000,0.7067511773774577,0.8041520526813162,68000,0.340824957,25582,37057,10653,100000,70000,30000,,,,Social Science
5502,ANTHROPOLOGY AND ARCHEOLOGY,Humanities & Liberal Arts,143087,102399,66046,8684,0.078175778,43000,30000,68000,0.715641532773767,0.6449867674489008,38000,0.968953683,9805,16693,6866,65000,45000,20000,,,,Humanities & Liberal Arts
5503,CRIMINOLOGY,Social Science,75085,59534,48763,4106,0.06451917,49000,35000,72000,0.7928880601984417,0.8190781738166426,37000,0.618223028,3373,10605,1895,65000,50000,15000,,,,Social Science
5504,GEOGRAPHY,Social Science,115423,83671,63070,6202,0.06900849,54000,38300,78000,0.7249075141003093,0.7537856605036393,39700,0.473189524,5350,6830,1905,73000,55000,18000,,,,Social Science
5505,INTERNATIONAL RELATIONS,Social Science,77371,56564,42091,4278,0.07031327,55000,40000,89000,0.7310749505628724,0.7441305423944559,49000,0.632986838,6774,9570,2499,86000,60000,26000,,,,Social Science
5506,POLITICAL SCIENCE AND GOVERNMENT,Social Science,748956,541630,421761,40376,0.069373855,58000,38000,90000,0.7231799998931846,0.7786884035227,52000,0.485929877,36854,66947,19803,92000,60000,32000,,,,Social Science
5507,SOCIOLOGY,Social Science,674558,459174,336515,32344,0.065804304,47000,33000,70000,0.6807035125222738,0.7328703280237993,37000,0.532333788,29051,48899,13748,64000,49000,15000,,,,Social Science
5599,MISCELLANEOUS SOCIAL SCIENCES,Social Science,15882,12307,9444,708,0.054398771,52000,40000,80000,0.774902405238635,0.7673681644592508,40000,0.543405422,744,1654,573,73000,54000,19000,,,,Social Science
5601,CONSTRUCTION SERVICES,Industrial Arts & Consumer Services,92346,79055,65916,4257,0.051097081,65000,45000,95000,0.8560738959998268,0.833799253684144,50000,0.342228811,3275,5351,703,75000,65000,10000,,,,Industrial Arts & Consumer Services
5701,"ELECTRICAL, MECHANICAL, AND PRECISION TECHNOLOGIES AND PRODUCTION",Industrial Arts & Consumer Services,15726,12607,10453,692,0.052033988,48000,32000,75000,0.8016660307770571,0.8291425398588086,43000,0.232443532,221,1659,81,62000,50000,12000,,,,Industrial Arts & Consumer Services
5901,TRANSPORTATION SCIENCES AND TECHNOLOGIES,Industrial Arts & Consumer Services,126639,98814,83519,4902,0.047263682,67000,42500,98000,0.78028095610357,0.8452142408970389,55500,0.321296067,4575,6147,557,90000,69000,21000,,,,Industrial Arts & Consumer Services
6000,FINE ARTS,Arts,571961,386961,256747,29912,0.071753268,45000,30000,70000,0.6765513732579669,0.663495804486757,40000,0.667033853,20792,32725,11880,58000,46000,12000,,,,Arts
6001,DRAMA AND THEATER ARTS,Arts,174817,135071,81519,11789,0.08027373,42000,29000,62000,0.7726422487515516,0.6035270339303033,33000,0.629504564,6994,25313,11068,58600,45000,13600,,,,Arts
6002,MUSIC,Arts,276262,192704,116142,11155,0.054719193,45000,30000,67000,0.6975407403117331,0.6026963633344404,37000,0.444582285,13752,28786,9286,60000,46400,13600,,,,Arts
6003,VISUAL AND PERFORMING ARTS,Arts,55141,41098,23479,4297,0.094658002,40000,27000,59000,0.7453256197747593,0.5712930069589761,32000,0.697384245,3849,7635,2840,53000,40000,13000,,,,Arts
6004,COMMERCIAL ART AND GRAPHIC DESIGN,Arts,504657,379980,266671,30330,0.073919719,46600,32000,70000,0.752947051165445,0.7018027264592873,38000,0.374355623,37389,38119,14839,60000,48000,12000,,,,Arts
6005,FILM VIDEO AND PHOTOGRAPHIC ARTS,Arts,133508,107651,69303,10080,0.085618911,47000,30000,70000,0.8063262126614136,0.6437747907590269,40000,0.686992952,7368,20721,5862,57000,50000,7000,,,,Arts
6006,ART HISTORY AND CRITICISM,Humanities & Liberal Arts,90852,61295,38989,4185,0.063912645,44500,30000,70000,0.6746686919385374,0.63608777224896,40000,0.845934379,5139,9738,3426,65000,45500,19500,,,,Humanities & Liberal Arts
6007,STUDIO ARTS,Arts,81008,58799,36943,5372,0.083713827,37600,24900,58000,0.7258418921587991,0.6282929981802412,33100,0.584776403,3948,8707,3586,50750,38000,12750,,,,Arts
6099,MISCELLANEOUS FINE ARTS,Arts,8511,6431,3802,1190,0.156147487,45000,30000,60000,0.7556103865585713,0.5911988804229513,30000,0.410179641,693,1714,755,55000,46000,9000,,,,Arts
6100,GENERAL MEDICAL AND HEALTH SERVICES,Health,104516,78198,53746,4525,0.054700627,50000,35000,73000,0.7481916644341536,0.687306580730965,38000,0.774576624,9364,12889,3816,70000,52000,18000,33599.0,7574.0,26025.0,Health
6102,COMMUNICATION DISORDERS SCIENCES AND SERVICES,Health,74977,49393,26085,2407,0.046467181,42000,30000,60000,0.6587753577763847,0.5281112708278501,30000,0.707136237,19957,9404,5125,65000,44000,21000,38279.0,1225.0,37054.0,Health
6103,HEALTH AND MEDICAL ADMINISTRATIVE SERVICES,Health,108510,85360,67294,5160,0.057003977,50000,35000,75000,0.786655607778085,0.7883552014995314,40000,0.770901106,2589,8592,1391,79000,52000,27000,18109.0,4266.0,13843.0,Health
6104,MEDICAL ASSISTING SERVICES,Health,64316,51279,25118,1660,0.031356845,55000,37000,75000,0.7972977175197462,0.4898301448936211,38000,0.178981938,2091,6948,1270,80000,56000,24000,11123.0,803.0,10320.0,Health
6105,MEDICAL TECHNOLOGIES TECHNICIANS,Health,164990,121479,92128,4564,0.036209865,60000,45000,76000,0.7362809867264682,0.7583862231332165,31000,0.434298441,5546,7176,1002,76000,60000,16000,15914.0,3916.0,11998.0,Health
6106,HEALTH AND MEDICAL PREPARATORY PROGRAMS,Health,32514,19009,13147,1431,0.070009785,50000,34000,85000,0.5846404625699698,0.6916197590614972,51000,0.556603774,3051,3539,1159,135000,51000,84000,12740.0,5521.0,7219.0,Health
6107,NURSING,Health,1769892,1325711,947546,36503,0.026796818,62000,48000,80000,0.7490349693653624,0.7147455214598053,32000,0.896018988,151643,26146,6193,84000,64000,20000,209394.0,21773.0,187621.0,Health
6108,PHARMACY PHARMACEUTICAL SCIENCES AND ADMINISTRATION,Health,180084,124058,89234,4414,0.034357681,106000,78000,125000,0.6888896292841119,0.7192925889503297,47000,0.451464886,11573,4493,1121,111000,107000,4000,23551.0,8697.0,14854.0,Health
6109,TREATMENT THERAPY PROFESSIONS,Health,252138,199174,128115,5378,0.026291603,61000,40000,80000,0.7899404294473661,0.6432315462861619,40000,0.64,22215,14616,4468,70000,63000,7000,48491.0,13487.0,35004.0,Health
6110,COMMUNITY AND PUBLIC HEALTH,Health,56741,42543,28912,3032,0.066527702,47000,32800,70000,0.7497752947604025,0.6795947629457255,37200,0.652129817,5225,7385,1854,68500,50000,18500,19735.0,4103.0,15632.0,Health
6199,MISCELLANEOUS HEALTH MEDICAL PROFESSIONS,Health,77647,52610,35676,2978,0.053572714,45000,32000,62000,0.6775535436011694,0.6781220300323132,30000,0.702020202,5652,3835,1422,60000,45000,15000,13386.0,1589.0,11797.0,Health
6200,GENERAL BUSINESS,Business,2148712,1580978,1304646,85626,0.051377532,60000,40000,95000,0.7357793878379234,0.8252145191141179,55000,0.4179248,29334,100831,27320,85000,60000,25000,,,,Business
6201,ACCOUNTING,Business,1779219,1335825,1095027,75379,0.053414673,65000,42500,100000,0.7507929040775756,0.8197383639324013,57500,0.253583302,11417,39323,10886,88000,65000,23000,,,,Business
6202,ACTUARIAL SCIENCE,Business,9763,7846,6880,466,0.056063523,72000,53000,115000,0.8036464201577384,0.8768799388223298,62000,0.535714286,1768,314,259,110000,76000,34000,,,,Business
6203,BUSINESS MANAGEMENT AND ADMINISTRATION,Business,3123510,2354398,1939384,147261,0.058865337,58000,39500,86000,0.7537667559892557,0.8237281886919714,46500,0.580948004,36720,148395,32395,77000,60000,17000,,,,Business
6204,OPERATIONS LOGISTICS AND E-COMMERCE,Business,57200,47341,41104,2141,0.043268259,65000,45000,90000,0.8276398601398601,0.8682537335501996,45000,0.322222222,1466,3629,285,94000,66000,28000,,,,Business
6205,BUSINESS ECONOMICS,Business,75547,57983,48471,3816,0.061748572,65000,45000,100000,0.7675089679272505,0.8359519169411724,55000,0.24919024,1578,4612,1284,94000,70000,24000,,,,Business
6206,MARKETING AND MARKETING RESEARCH,Business,1114624,890125,704912,51839,0.055032889,56000,38500,90000,0.7985876851745521,0.7919247296727988,51500,0.382900433,25320,93889,27968,80000,60000,20000,,,,Business
6207,FINANCE,Business,816548,670681,561073,34166,0.048472931,65000,45000,100000,0.8213613896549866,0.8365720812129761,55000,0.355469059,24243,48447,9910,95000,70000,25000,,,,Business
6209,HUMAN RESOURCES AND PERSONNEL MANAGEMENT,Business,187274,142879,116466,9241,0.060748094,54000,38000,80000,0.7629409314693978,0.8151372839955486,42000,0.672161443,2406,9629,1906,70000,55000,15000,,,,Business
6210,INTERNATIONAL BUSINESS,Business,86064,66453,51012,5106,0.071353708,54000,38600,80000,0.7721346904629113,0.7676402871202203,41400,0.282902829,3383,9482,3046,72000,57000,15000,,,,Business
6211,HOSPITALITY MANAGEMENT,Business,200854,163393,122499,8862,0.051446983,49000,33000,70000,0.8134913917571968,0.7497200002448086,37000,0.733991928,2325,23341,9063,65000,50000,15000,,,,Business
6212,MANAGEMENT INFORMATION SYSTEMS AND STATISTICS,Business,156673,134478,118249,6186,0.043977137,72000,50000,100000,0.8583355140962386,0.8793185502461369,50000,0.278790146,6342,5741,708,89000,72000,17000,,,,Business
6299,MISCELLANEOUS BUSINESS & MEDICAL ADMINISTRATION,Business,102753,77471,61603,4308,0.052678561,53000,36000,83000,0.7539536558543303,0.7951749686979644,47000,0.200022717,2236,8937,1758,75000,55000,20000,,,,Business
6402,HISTORY,Humanities & Liberal Arts,712509,478416,354163,33725,0.065851006,50000,35000,80000,0.6714525711254173,0.7402825156349286,45000,0.651741294,35336,54569,16839,80000,52000,28000,,,,Humanities & Liberal Arts
6403,UNITED STATES HISTORY,Humanities & Liberal Arts,17746,11887,8204,943,0.07349961,50000,39000,81000,0.6698410909500733,0.6901657272650795,42000,0.630716318,801,1591,302,82000,52000,30000,,,,Humanities & Liberal Arts
